temperature,humidity,soil_moisture,light_level,mood
35.7,42.6,92,59640.8,hot
34.5,21.7,59,64761.7,sick
19.1,89.7,9,39504.9,happy
40.5,81.4,22,8290.6,hot
22.6,25.0,20,55818.7,normal
34.4,73.9,96,5618.4,sick
18.6,49.7,68,38503.2,sick
22.5,40.2,48,52460.2,normal
36.8,84.1,58,59022.2,hot
37.6,64.3,4,51936.0,hot
17.0,85.5,74,58478.8,sick
35.1,26.3,20,49457.7,hot
43.5,67.6,20,47168.4,hot
42.1,37.4,70,25789.6,hot
17.4,33.3,32,8216.3,normal
11.9,71.1,11,25008.1,happy
35.7,20.7,45,32373.4,hot
21.2,39.0,67,34867.1,sick
21.8,34.2,15,41611.1,happy
24.9,27.0,43,36128.5,normal
18.2,45.3,56,34333.9,sick
30.9,21.2,51,7689.6,sick
35.9,34.3,56,31143.8,hot
30.5,93.4,26,42015.7,normal
10.9,82.7,74,24619.9,sick
17.7,51.1,42,28522.4,normal
38.3,53.2,48,18005.2,hot
25.7,44.4,32,42984.9,normal
34.3,72.3,92,11151.6,sick
38.1,80.7,61,25409.5,hot
30.8,22.1,81,35594.9,sick
20.8,59.6,22,19407.5,normal
15.5,38.1,66,33322.3,sick
25.9,28.0,24,59568.1,normal
19.2,72.0,38,49878.9,normal
28.3,81.0,47,26767.4,normal
33.1,71.1,23,52041.9,normal
13.1,61.3,10,51701.6,happy
24.5,75.5,99,53226.6,sick
24.2,57.2,4,51953.2,happy
23.7,59.7,14,50252.1,happy
23.8,70.5,52,45612.9,sick
26.4,58.0,51,44376.8,sick
18.9,48.2,74,1672.3,sick
43.8,43.5,78,22331.5,hot
12.0,63.9,24,58013.8,normal
39.5,33.7,14,7425.2,hot
23.9,83.8,23,44981.9,normal
22.6,82.1,74,41064.4,sick
16.8,74.3,12,51358.2,happy
42.8,66.3,39,33233.6,hot
12.3,20.8,13,28483.4,happy
25.4,50.9,63,31604.1,sick
17.3,64.9,95,64162.9,sick
42.3,48.1,93,59461.4,hot
21.6,83.1,17,48315.4,happy
40.5,28.4,91,23441.4,hot
16.2,40.3,69,16778.6,sick
15.7,79.1,53,24976.9,sick
19.2,24.6,20,59218.0,normal
22.3,56.9,90,35520.5,sick
20.2,46.3,2,20053.2,happy
20.5,85.7,22,54554.1,normal
20.2,49.4,49,50921.1,normal
22.9,24.1,92,22052.7,sick
21.4,47.4,69,14468.8,sick
40.2,52.1,6,15000.7,hot
44.2,40.9,7,16262.3,hot
24.5,34.5,69,21580.0,sick
10.6,64.7,84,61132.4,sick
17.0,84.4,19,26599.5,happy
22.0,77.9,5,31678.7,happy
28.6,36.6,23,23052.9,normal
19.7,69.5,31,35865.3,normal
30.2,69.9,92,11884.6,sick
21.5,23.0,9,21736.8,happy
24.3,77.3,73,63287.1,sick
20.2,30.0,79,35161.8,sick
43.8,44.6,47,21422.3,hot
17.2,83.0,67,52617.2,sick
24.9,38.1,67,64730.0,sick
21.4,88.9,76,10138.2,sick
38.0,21.6,95,2749.9,hot
37.8,70.0,67,47332.2,hot
41.6,53.6,53,39835.7,hot
20.6,35.5,76,29544.2,sick
35.3,66.2,48,55183.8,hot
34.8,38.4,58,7862.1,sick
35.0,74.0,81,53145.9,sick
36.7,43.5,49,62051.4,hot
26.3,46.8,44,43759.9,normal
29.6,74.6,17,50188.1,happy
18.4,40.1,3,20358.3,happy
44.2,44.2,64,26908.5,hot
36.9,31.1,7,39811.8,hot
39.8,55.7,70,6796.4,hot
29.8,42.8,9,52804.8,happy
28.1,67.2,68,11198.1,sick
37.8,26.9,76,46277.1,hot
41.6,69.3,3,21267.6,hot
14.6,42.0,21,10668.3,normal
42.4,79.3,24,29296.6,hot
35.5,62.3,20,16545.0,hot
31.9,33.0,25,44268.1,normal
38.7,49.8,72,15537.9,hot
27.0,49.0,31,15074.9,normal
18.5,25.3,95,45348.5,sick
15.3,77.8,55,60924.6,sick
19.5,73.7,86,57449.2,sick
28.3,61.9,65,57903.9,sick
35.1,22.7,46,1291.0,hot
20.7,76.9,53,29573.9,sick
41.1,86.4,33,14956.4,hot
39.0,80.5,79,36903.6,hot
20.6,58.4,34,18650.2,normal
42.6,36.6,14,8546.2,hot
19.9,28.5,15,14923.8,happy
27.3,41.1,3,25319.9,happy
10.8,44.4,87,43812.9,sick
10.1,25.0,78,42404.4,sick
12.5,41.8,60,10913.5,sick
17.2,63.5,15,34417.0,happy
32.4,69.1,82,21536.1,sick
16.1,87.7,41,31252.4,normal
23.2,23.4,19,29674.7,happy
31.7,79.7,71,3286.7,sick
15.2,25.0,52,26567.4,sick
11.2,21.1,67,35130.3,sick
44.5,29.6,15,38739.8,hot
30.9,60.1,2,56991.6,happy
42.5,28.5,92,29147.4,hot
10.5,68.6,41,61359.0,normal
22.7,63.4,82,21693.2,sick
19.0,90.2,55,57487.9,sick
30.7,50.0,43,17374.8,normal
44.6,60.7,53,27445.3,hot
38.4,23.9,25,57090.7,hot
11.3,45.1,37,10613.0,normal
19.3,59.7,29,57814.0,normal
17.8,67.0,58,18410.3,sick
21.3,60.6,12,47707.0,happy
11.7,25.7,60,47455.7,sick
11.0,92.8,24,23056.5,normal
32.5,64.8,52,2353.5,sick
43.4,25.8,84,40978.2,hot
15.4,25.8,100,44754.0,sick
37.3,82.7,82,31111.0,hot
19.0,54.7,15,3292.5,happy
31.4,82.6,93,40684.8,sick
36.3,71.2,70,17161.5,hot
10.0,34.0,99,15816.9,sick
35.0,64.6,42,46463.6,normal
30.4,38.2,89,43855.7,sick
40.9,71.7,18,16957.3,hot
14.0,66.9,2,22013.6,happy
22.9,46.9,15,21282.5,happy
10.2,40.9,36,26863.2,normal
17.3,86.6,19,52796.1,happy
29.3,22.8,32,64716.3,normal
10.8,80.2,47,30108.1,normal
14.7,74.9,98,64501.0,sick
22.0,39.7,61,55364.7,sick
14.0,35.4,2,4323.8,happy
12.9,65.6,21,20847.0,normal
23.2,87.8,89,55214.0,sick
41.6,68.5,20,42056.1,hot
33.0,70.1,42,37526.0,normal
25.7,50.1,91,50418.4,sick
35.8,74.8,70,40663.7,hot
26.7,68.8,4,60516.1,happy
30.1,58.0,16,28014.0,happy
13.2,43.1,74,10782.5,sick
21.1,35.3,32,52491.9,normal
27.2,61.5,96,9057.0,sick
33.3,40.2,36,55776.2,normal
10.2,45.6,63,60307.1,sick
11.1,20.1,19,43357.4,happy
41.1,44.3,87,1976.7,hot
35.4,86.7,49,43064.1,hot
32.6,59.9,75,63960.2,sick
38.6,56.4,65,54042.8,hot
29.1,61.2,34,27891.3,normal
10.7,27.4,23,8.2,normal
41.4,65.6,2,25246.4,hot
14.2,83.5,67,54901.6,sick
32.2,38.8,97,8971.1,sick
29.0,72.6,28,42597.7,normal
25.3,50.8,92,6867.1,sick
28.1,87.2,69,44345.2,sick
32.5,34.3,56,4348.0,sick
37.5,87.9,65,54374.1,hot
42.1,74.2,91,38517.0,hot
22.5,69.8,44,46909.7,normal
10.7,35.9,24,8706.3,normal
20.0,28.9,10,4761.2,happy
37.3,28.8,79,60997.3,hot
31.6,34.3,68,26865.1,sick
25.0,63.6,47,53864.4,normal
31.9,24.1,50,37433.2,normal
25.7,51.9,9,38016.4,happy
42.3,57.0,5,38607.8,hot
31.7,93.0,23,11680.6,normal
32.6,77.5,77,32980.7,sick
27.8,54.9,46,43804.5,normal
33.5,71.5,24,20903.0,normal
15.9,64.3,98,5109.6,sick
42.3,56.7,95,54326.2,hot
19.8,85.9,85,9128.6,sick
38.7,71.0,67,37208.2,hot
20.0,76.6,59,51159.5,sick
35.9,45.1,45,33882.6,hot
28.3,91.1,71,35989.5,sick
42.9,45.1,9,51166.0,hot
32.2,38.2,82,27541.4,sick
40.7,68.8,28,26946.8,hot
35.3,85.6,21,50757.3,hot
18.1,89.4,29,37895.1,normal
35.6,51.9,38,54667.0,hot
38.9,84.0,21,20340.1,hot
40.1,73.2,58,9472.1,hot
37.2,65.3,56,235.6,hot
17.5,87.4,13,61971.4,happy
33.5,23.9,79,53139.9,sick
35.8,78.7,59,40607.2,hot
20.1,85.5,99,37312.3,sick
13.0,76.3,86,55372.8,sick
39.0,31.4,64,15847.6,hot
20.1,88.8,22,27878.9,normal
33.6,54.8,52,19816.6,sick
29.2,22.7,88,12003.1,sick
38.0,35.3,7,37154.4,hot
16.5,93.6,9,56018.5,happy
14.9,53.3,33,19655.0,normal
20.8,86.6,59,15231.6,sick
38.5,69.8,42,1937.4,hot
20.5,22.5,13,11038.3,happy
20.5,90.6,27,8886.0,normal
23.6,51.1,26,38630.0,normal
10.6,41.4,72,30203.0,sick
37.6,83.9,84,17822.1,hot
11.0,84.5,50,56081.3,normal
28.1,68.0,73,27124.8,sick
44.6,60.1,94,47670.5,hot
33.7,42.5,15,45707.3,happy
32.8,57.3,6,63041.7,happy
37.4,92.8,63,59553.6,hot
11.6,70.0,59,48705.8,sick
24.8,62.1,87,56283.3,sick
38.6,23.3,92,7738.6,hot
12.8,44.9,81,63963.1,sick
43.9,93.1,26,63129.3,hot
28.5,71.5,76,14678.3,sick
29.4,78.0,86,64993.9,sick
24.7,74.6,71,64797.0,sick
28.1,63.8,79,64787.3,sick
24.3,51.9,39,18431.0,normal
26.6,87.2,25,29368.8,normal
20.0,56.9,50,63284.5,normal
42.2,46.2,79,33233.4,hot
32.7,63.8,23,28075.0,normal
29.2,25.2,85,9125.6,sick
44.1,92.1,54,42549.5,hot
23.3,89.4,53,25452.5,sick
44.5,40.7,77,23419.0,hot
44.1,66.8,67,27748.7,hot
11.2,78.2,9,24987.2,happy
42.5,51.4,96,64898.4,hot
38.5,43.0,28,1074.6,hot
28.7,90.0,74,55487.2,sick
33.7,25.8,42,56743.5,normal
31.9,58.7,10,815.0,normal
40.3,35.9,71,33501.3,hot
15.1,40.5,11,4307.4,happy
21.5,48.3,78,17542.9,sick
10.5,32.7,39,39176.3,normal
33.0,34.8,5,8094.8,happy
18.3,73.8,75,28115.8,sick
27.6,71.3,2,49934.0,happy
42.1,82.3,36,58874.3,hot
22.2,67.5,44,25335.0,normal
35.9,43.0,77,36104.8,hot
27.1,39.4,14,851.2,normal
31.6,77.6,83,23800.0,sick
20.3,55.4,85,43199.7,sick
28.3,77.8,77,13377.9,sick
29.0,27.6,57,39573.9,sick
37.3,56.0,86,41284.7,hot
30.7,74.1,67,39087.8,sick
14.6,90.7,0,12020.9,happy
14.8,86.2,64,50969.9,sick
36.3,36.3,39,23812.1,hot
40.9,76.8,87,63424.4,hot
10.8,61.7,59,57912.0,sick
29.4,22.6,44,33477.7,normal
28.7,80.6,20,27739.8,normal
14.0,23.3,25,51785.3,normal
27.1,37.9,87,41504.3,sick
12.4,45.0,59,57908.1,sick
28.9,86.9,30,36602.7,normal
41.8,35.7,34,43848.8,hot
21.3,39.1,27,3188.5,normal
34.2,34.9,87,13026.0,sick
25.6,52.4,15,42447.8,happy
15.7,93.7,3,61716.3,happy
37.8,92.1,2,13412.7,hot
35.1,63.7,17,16043.1,hot
38.2,22.1,27,42598.8,hot
20.7,43.0,78,30804.0,sick
11.8,71.3,84,56852.7,sick
36.3,91.0,18,45070.9,hot
25.6,82.1,38,61519.1,normal
10.0,51.1,29,24112.4,normal
13.4,69.7,79,60363.5,sick
21.4,82.1,25,37263.1,normal
42.2,55.7,34,8706.1,hot
30.7,24.2,39,4195.4,normal
29.4,52.1,86,24594.8,sick
33.6,42.3,88,50785.9,sick
28.9,29.9,4,23936.9,happy
29.6,37.5,16,62256.3,happy
18.1,49.0,4,19859.9,happy
19.1,91.3,95,48909.8,sick
10.5,52.0,51,36040.2,sick
37.9,61.3,42,62405.6,hot
38.8,43.1,78,49731.0,hot
20.7,27.7,40,53676.8,normal
16.2,47.0,85,43148.6,sick
44.8,93.6,18,32408.5,hot
31.6,69.9,93,49428.3,sick
33.1,84.4,87,51439.1,sick
28.9,43.8,57,55502.3,sick
38.3,81.9,43,3412.1,hot
30.9,43.1,47,49908.7,normal
31.5,69.1,54,16040.7,sick
37.9,51.2,1,6761.5,hot
11.5,69.2,87,4951.3,sick
35.8,44.1,53,13148.9,hot
12.1,42.8,55,18855.1,sick
35.0,57.0,72,5345.6,sick
32.3,59.3,68,52885.2,sick
34.4,54.4,72,63742.0,sick
13.9,71.3,35,52734.5,normal
14.6,63.8,65,9652.0,sick
10.5,49.5,17,10432.7,happy
15.3,76.0,94,50377.1,sick
25.9,86.7,17,57321.5,happy
12.2,56.8,19,41237.7,happy
30.8,64.3,9,14927.3,happy
31.6,85.1,27,20061.1,normal
18.1,47.2,21,45182.9,normal
30.5,47.2,18,49088.0,happy
36.5,73.2,49,1491.4,hot
22.1,45.0,87,63097.6,sick
10.2,54.0,21,21459.5,normal
39.1,40.5,83,29048.6,hot
21.1,26.1,16,39581.2,happy
16.4,78.0,97,33841.5,sick
44.1,25.0,6,23696.8,hot
24.2,42.8,19,26066.4,happy
40.9,65.6,79,31767.7,hot
17.3,69.3,1,26914.0,happy
33.5,57.1,78,1679.1,sick
25.7,47.2,18,23923.5,happy
26.5,91.4,74,11697.4,sick
36.8,62.9,85,22181.1,hot
27.4,34.5,52,57278.9,sick
32.4,84.3,87,40519.2,sick
31.1,45.3,99,14485.0,sick
36.0,69.4,2,44902.0,hot
43.0,30.8,35,59955.9,hot
24.9,79.9,14,43126.8,happy
34.8,34.4,40,15112.1,normal
34.9,36.8,62,18720.9,sick
27.1,44.2,74,43012.9,sick
13.5,21.2,41,40720.2,normal
25.1,59.4,37,11013.3,normal
29.0,45.0,22,47490.0,normal
21.1,44.2,42,54818.6,normal
42.3,28.9,90,519.6,hot
40.5,85.4,36,21266.8,hot
11.1,64.9,72,45580.0,sick
12.9,40.2,60,62366.7,sick
34.2,94.5,68,5667.3,sick
18.8,89.5,38,29813.9,normal
24.2,93.4,37,19241.5,normal
24.5,38.8,58,47484.2,sick
38.6,36.1,21,29039.5,hot
44.5,23.0,54,31180.1,hot
33.7,56.5,4,4976.3,happy
14.5,44.3,58,64772.2,sick
40.6,30.0,2,58609.8,hot
19.4,51.4,44,47663.4,normal
39.1,32.5,77,31691.2,hot
18.4,20.6,74,3836.0,sick
10.5,70.5,1,22408.7,happy
18.1,27.0,32,23924.0,normal
25.7,68.5,46,23619.2,normal
19.1,38.8,100,49384.3,sick
19.0,47.2,47,17155.2,normal
11.7,61.5,19,48406.7,happy
21.5,30.0,14,8253.3,happy
23.0,64.6,47,31147.1,normal
13.1,58.7,34,23505.7,normal
18.6,22.0,30,46882.2,normal
39.8,53.6,57,52776.5,hot
27.3,50.5,66,24050.1,sick
12.6,39.3,69,33273.9,sick
34.4,75.2,98,54979.0,sick
20.4,86.0,84,16931.1,sick
41.9,57.1,89,55478.8,hot
20.2,82.7,0,25781.2,happy
14.9,78.6,68,12591.9,sick
42.6,62.1,60,50080.8,hot
38.0,90.2,95,31404.0,hot
23.1,84.6,48,41386.4,normal
16.5,71.4,75,57137.3,sick
17.1,24.2,50,51791.0,normal
29.9,32.8,75,38621.0,sick
15.6,30.4,36,27140.8,normal
42.2,66.2,9,30444.6,hot
17.9,30.8,14,36891.6,happy
33.3,78.3,22,5208.4,normal
10.8,78.9,39,39677.7,normal
27.7,92.7,79,48240.1,sick
35.0,25.8,60,19142.1,sick
26.6,46.6,49,18741.4,normal
21.7,87.2,98,46999.3,sick
29.5,88.3,62,45539.5,sick
43.1,90.7,95,12691.9,hot
27.1,21.8,55,38436.5,sick
28.6,23.2,83,52446.4,sick
31.4,62.9,51,38954.2,sick
44.5,68.6,28,19269.1,hot
11.6,25.5,81,31434.8,sick
41.4,63.5,45,24802.2,hot
33.4,46.0,77,49432.3,sick
43.4,83.0,6,53663.9,hot
15.8,47.9,25,61166.1,normal
31.9,27.5,53,22844.6,sick
30.2,21.1,50,44849.7,normal
13.5,75.3,19,20645.4,happy
25.0,28.4,3,11836.3,happy
36.6,88.2,49,19202.1,hot
19.1,90.1,37,31527.6,normal
27.1,77.5,13,17631.5,happy
18.5,77.6,71,21681.5,sick
27.0,60.9,89,56782.5,sick
29.2,56.8,16,54770.3,happy
32.0,71.5,45,30694.4,normal
39.1,80.9,37,13746.2,hot
15.6,92.9,18,40847.7,happy
41.0,38.4,35,7172.5,hot
16.0,73.1,49,16288.4,normal
20.6,34.3,28,41316.5,normal
43.3,62.5,70,18883.5,hot
22.6,21.4,97,23816.6,sick
13.8,59.8,78,3496.9,sick
35.6,29.2,29,11398.2,hot
23.1,37.3,31,3209.3,normal
14.6,53.3,85,64456.6,sick
40.5,27.9,84,33712.1,hot
37.8,87.4,60,28998.2,hot
39.6,25.7,25,46198.3,hot
25.2,56.5,67,52907.4,sick
29.1,45.8,92,38150.5,sick
36.3,37.8,24,53545.3,hot
28.6,77.0,2,195.0,normal
37.2,81.7,33,3060.4,hot
17.0,41.1,55,33518.1,sick
29.7,61.1,0,29087.1,happy
40.8,69.3,40,3433.3,hot
17.1,57.9,64,51993.5,sick
42.1,91.6,24,30997.4,hot
17.0,45.1,45,9232.4,normal
29.3,70.5,26,38121.1,normal
19.6,65.4,25,35554.5,normal
13.5,87.0,16,19656.7,happy
23.4,83.0,13,26299.5,happy
21.2,88.2,17,37530.4,happy
29.3,84.9,24,53929.6,normal
19.7,80.1,3,5238.7,happy
35.0,42.5,41,27348.1,normal
44.2,50.0,3,7198.3,hot
18.2,72.0,88,12475.5,sick
15.9,57.8,89,37809.3,sick
36.2,91.0,70,45613.6,hot
24.7,24.1,57,64828.0,sick
40.4,81.7,15,20490.2,hot
13.5,33.7,31,30243.1,normal
18.6,34.6,75,15254.7,sick
19.1,68.1,80,49934.4,sick
19.9,27.2,37,43191.1,normal
44.1,49.5,73,46298.5,hot
28.7,71.0,77,53589.3,sick
28.6,55.1,22,16882.1,normal
16.3,46.1,14,670.6,normal
42.7,64.3,62,18161.2,hot
28.7,82.4,49,52937.9,normal
42.0,64.9,73,15873.7,hot
19.3,50.7,86,38629.9,sick
40.5,68.9,43,49777.9,hot
27.1,40.9,97,33756.8,sick
41.3,37.7,90,48292.5,hot
10.9,80.7,6,12955.5,happy
36.0,88.3,82,3600.3,hot
30.6,33.8,75,40348.4,sick
29.4,42.7,82,14124.1,sick
44.4,87.1,21,40713.6,hot
40.3,80.4,71,60531.8,hot
24.4,30.2,74,3078.7,sick
38.0,48.3,36,39166.7,hot
33.6,84.4,50,63863.6,normal
33.3,92.4,88,8837.2,sick
42.3,88.8,92,23402.3,hot
13.2,93.8,11,50358.4,happy
14.4,55.5,2,26517.9,happy
16.1,56.4,33,2321.9,normal
44.5,31.1,13,61494.1,hot
24.3,53.2,22,7021.5,normal
37.6,47.9,90,45604.9,hot
26.0,58.0,28,18301.8,normal
44.6,66.8,8,15633.0,hot
42.1,75.5,39,37021.3,hot
14.4,22.8,7,5072.4,happy
28.9,64.3,26,36968.0,normal
32.0,91.4,37,14962.9,normal
27.5,41.9,90,44166.8,sick
22.3,52.1,42,55722.0,normal
18.0,63.1,14,61705.9,happy
36.3,84.9,77,37490.0,hot
14.9,23.9,35,49329.8,normal
18.8,63.6,52,36425.2,sick
34.8,54.6,16,31014.7,happy
26.9,46.0,26,47489.4,normal
34.4,55.1,16,17836.8,happy
25.2,75.3,87,6835.4,sick
19.7,71.4,65,22070.4,sick
41.8,72.9,46,6888.2,hot
42.3,35.0,66,15595.7,hot
31.5,88.9,22,34399.6,normal
35.0,89.0,100,14785.9,sick
26.9,67.6,78,24439.5,sick
13.9,76.2,75,45784.0,sick
29.0,64.0,80,50202.3,sick
26.3,42.4,8,41701.2,happy
41.5,60.0,46,63746.8,hot
18.6,53.3,4,20785.9,happy
23.3,61.8,22,56169.7,normal
34.8,81.0,17,21501.8,happy
12.7,82.6,4,42293.3,happy
26.3,57.2,74,38029.5,sick
42.6,83.3,99,9204.7,hot
37.1,51.2,29,14211.3,hot
33.5,85.7,83,23967.1,sick
11.5,44.6,19,26506.1,happy
38.2,28.6,71,37073.9,hot
43.2,77.2,7,21122.8,hot
13.6,75.1,96,51942.2,sick
36.9,92.1,81,38496.8,hot
21.2,65.5,65,981.0,sick
44.9,80.3,34,29212.3,hot
18.4,93.1,52,25255.7,sick
22.4,65.2,9,45598.5,happy
25.2,43.2,32,55867.7,normal
39.1,50.9,62,47183.5,hot
17.3,77.8,35,32881.7,normal
25.1,63.7,85,257.9,sick
10.0,48.9,2,59875.9,happy
25.4,39.0,41,5098.1,normal
36.6,46.9,0,13327.2,hot
16.6,76.1,60,47994.5,sick
19.5,67.2,12,24372.8,happy
38.5,36.1,20,28457.0,hot
25.6,74.6,38,17054.4,normal
23.8,30.0,15,52719.3,happy
42.2,37.6,31,22860.7,hot
13.7,86.8,28,53.1,normal
25.0,58.5,87,14556.9,sick
36.5,21.8,19,32193.8,hot
17.1,88.7,97,9385.4,sick
19.8,62.5,84,229.0,sick
40.5,86.8,16,5919.9,hot
41.2,60.6,16,2500.1,hot
13.8,72.4,18,29721.1,happy
20.3,41.1,85,21079.2,sick
23.9,30.1,88,14513.1,sick
36.7,76.8,86,3975.3,hot
13.2,73.8,92,991.4,sick
25.1,82.3,58,24964.5,sick
11.9,80.6,80,14958.8,sick
27.5,69.5,94,62955.3,sick
42.9,22.6,100,25195.4,hot
20.4,44.9,16,30961.6,happy
21.8,92.0,84,63352.9,sick
17.4,40.0,75,22911.2,sick
44.5,50.2,1,45572.9,hot
38.9,93.7,24,19052.2,hot
33.8,76.1,53,22325.8,sick
37.2,33.1,49,25528.8,hot
17.2,64.2,2,52125.6,happy
43.4,55.8,52,4534.0,hot
17.6,93.9,91,42316.0,sick
38.1,75.8,67,25745.5,hot
28.7,40.8,16,8680.6,happy
32.5,66.3,44,33599.0,normal
44.1,53.6,72,17506.7,hot
10.8,20.6,97,35160.4,sick
36.8,27.0,25,22056.7,hot
27.8,77.3,66,55480.4,sick
30.5,24.2,45,16410.3,normal
28.9,81.2,71,41969.9,sick
21.8,65.7,11,62303.9,happy
13.2,26.1,3,40489.0,happy
36.1,47.2,98,7821.0,hot
32.2,33.6,68,42043.3,sick
15.5,77.1,19,43058.8,happy
42.1,61.4,42,53621.3,hot
37.1,94.8,52,47102.5,hot
38.6,68.6,8,6024.6,hot
11.3,64.4,81,63663.2,sick
19.4,31.3,47,63048.6,normal
26.0,73.7,93,26217.4,sick
30.6,20.1,22,59440.7,normal
41.1,38.0,38,38265.3,hot
32.5,24.0,72,8830.2,sick
27.1,91.3,40,28740.8,normal
24.3,55.5,50,51360.5,normal
24.8,74.5,1,4417.1,happy
44.0,35.4,57,41420.6,hot
17.9,29.8,94,51717.7,sick
18.3,32.3,36,15831.6,normal
26.1,31.1,30,64589.7,normal
17.7,50.4,60,41711.7,sick
39.9,92.8,2,14414.9,hot
27.0,56.1,72,7131.1,sick
39.8,35.0,92,51026.0,hot
37.6,81.1,10,60383.5,hot
40.1,56.4,50,30011.7,hot
23.6,41.6,23,46758.9,normal
11.7,60.5,67,10364.9,sick
14.0,51.1,38,21580.7,normal
18.3,67.2,0,19882.7,happy
22.7,33.8,58,20618.7,sick
10.0,85.4,6,48140.5,happy
23.0,39.8,82,62290.3,sick
34.2,64.3,60,49850.8,sick
22.7,64.3,49,49615.4,normal
31.9,47.3,44,29208.3,normal
42.3,37.4,43,60446.7,hot
22.5,48.6,93,5009.1,sick
15.2,82.2,14,54935.2,happy
11.3,21.1,34,22155.2,normal
20.4,44.7,62,61151.0,sick
18.2,54.9,6,17195.1,happy
12.7,26.8,85,28080.8,sick
40.3,45.4,39,3992.6,hot
35.2,34.3,80,47838.9,hot
44.2,57.2,97,37866.1,hot
25.4,79.6,14,37319.3,happy
33.5,55.8,79,49888.3,sick
38.3,62.7,32,44061.1,hot
41.0,32.5,30,21018.4,hot
37.7,82.9,71,55510.7,hot
31.6,35.7,96,31333.7,sick
36.5,24.0,12,10002.6,hot
20.8,37.1,12,12111.3,happy
22.6,36.8,1,14840.7,happy
18.0,82.2,38,12681.2,normal
25.9,73.0,60,6783.2,sick
21.0,58.3,14,61756.6,happy
26.5,26.4,89,7892.2,sick
40.0,36.9,97,63956.0,hot
27.7,40.2,93,5324.3,sick
19.0,44.7,32,14640.4,normal
18.1,31.4,16,45920.2,happy
23.2,83.4,89,9470.5,sick
32.1,89.2,79,45565.1,sick
43.8,51.8,69,48748.6,hot
44.2,79.1,31,54373.2,hot
35.0,87.1,47,5593.8,normal
26.5,24.4,50,4498.4,normal
16.9,65.6,6,56484.2,happy
14.0,56.1,88,20162.7,sick
12.5,58.1,69,55139.7,sick
41.5,27.0,16,24338.5,hot
15.1,54.7,98,47975.7,sick
28.8,40.0,75,8058.8,sick
22.6,92.8,30,14988.4,normal
16.3,73.6,19,25550.0,happy
28.5,49.7,86,21129.8,sick
15.9,92.7,62,45787.7,sick
23.9,28.9,6,20950.4,happy
21.0,48.2,34,58588.2,normal
30.5,29.5,47,30063.1,normal
21.3,49.0,85,15361.0,sick
25.4,54.8,56,52745.1,sick
13.9,25.3,23,16385.6,normal
43.7,87.8,64,53443.8,hot
12.1,89.4,6,2690.4,happy
10.5,74.1,8,22561.4,happy
10.0,53.1,34,40806.5,normal
14.3,59.4,15,21300.0,happy
14.0,30.0,94,37493.1,sick
11.9,84.9,26,21283.7,normal
44.1,46.1,79,2818.2,hot
16.9,23.9,11,29548.6,happy
32.9,73.3,62,35951.5,sick
22.1,26.2,17,27044.6,happy
43.4,22.7,48,32985.1,hot
17.0,81.2,50,62502.0,normal
31.4,29.5,21,13042.6,normal
32.7,64.4,45,55580.4,normal
42.4,52.9,87,1258.2,hot
13.4,49.8,44,64382.1,normal
24.1,72.1,37,41062.9,normal
28.1,49.6,36,55712.1,normal
25.5,63.6,96,25391.8,sick
11.3,82.8,82,26550.7,sick
16.1,49.5,29,37276.9,normal
27.4,64.3,11,21908.0,happy
41.3,66.8,36,9296.7,hot
28.2,79.9,75,23786.1,sick
44.1,75.2,55,64857.3,hot
18.8,69.1,4,35152.7,happy
40.9,43.5,69,7742.2,hot
13.2,64.7,59,45060.2,sick
38.8,90.0,44,28320.5,hot
15.1,36.3,61,36969.5,sick
24.5,26.5,77,36318.2,sick
35.8,45.1,83,15011.1,hot
22.7,32.7,28,22122.3,normal
11.4,61.6,44,59397.2,normal
25.9,40.9,99,3704.2,sick
23.6,78.0,76,9461.1,sick
17.5,88.3,65,30408.4,sick
23.2,35.6,16,63231.1,happy
31.8,69.4,14,10184.9,happy
14.3,67.6,40,53108.6,normal
26.6,83.2,49,53028.6,normal
26.0,80.9,39,6407.9,normal
22.4,63.3,65,40135.5,sick
16.2,67.4,55,7458.1,sick
21.3,37.4,58,47240.9,sick
32.7,80.1,45,26215.6,normal
27.1,65.3,95,7284.8,sick
24.0,25.5,89,42760.5,sick
44.0,39.2,0,33866.0,hot
17.7,33.3,5,36682.9,happy
43.3,49.3,51,15796.0,hot
29.8,81.6,67,22923.2,sick
31.7,25.0,11,34287.8,happy
28.2,79.1,99,59525.2,sick
35.9,88.4,91,9838.2,hot
30.6,68.5,74,31318.8,sick
27.0,77.8,74,32367.6,sick
11.7,84.7,35,7570.9,normal
40.7,90.0,5,55793.2,hot
35.0,28.8,55,14340.4,sick
12.9,27.3,53,49219.2,sick
10.2,76.5,4,18051.9,happy
22.4,51.0,83,63765.9,sick
14.2,81.6,62,38409.7,sick
36.1,64.9,90,39311.3,hot
20.6,28.2,71,40164.1,sick
10.9,70.6,78,12506.5,sick
31.6,38.4,76,27515.1,sick
16.3,55.9,23,38525.8,normal
39.6,80.0,85,62247.8,hot
19.4,52.8,51,9824.5,sick
18.1,37.6,50,37644.9,normal
14.0,83.6,20,6230.3,normal
16.0,75.9,27,41911.1,normal
38.3,42.5,16,18835.5,hot
28.3,30.5,85,38753.2,sick
32.0,52.9,94,20645.5,sick
41.2,25.0,16,35628.1,hot
28.8,89.7,16,46737.0,happy
36.3,20.7,79,20619.7,hot
23.7,42.6,38,10546.1,normal
37.5,34.7,23,47164.3,hot
18.6,83.4,31,19658.8,normal
33.3,90.1,72,40506.3,sick
18.0,90.7,68,45052.4,sick
41.5,62.9,3,42983.0,hot
31.7,90.1,22,29640.2,normal
44.6,59.3,66,51629.5,hot
17.3,62.4,20,62201.3,normal
34.9,61.0,86,7016.8,sick
26.8,51.5,97,38195.5,sick
40.1,24.3,82,1024.8,hot
18.2,52.7,31,17078.5,normal
12.1,93.5,26,6121.3,normal
33.6,26.4,66,21604.8,sick
10.1,38.5,77,5253.1,sick
28.3,35.6,87,51484.5,sick
16.9,69.5,84,37525.1,sick
23.8,41.1,68,45641.5,sick
39.8,45.2,21,22624.4,hot
30.7,50.7,26,28752.6,normal
28.9,80.1,2,10299.3,happy
17.2,33.2,29,1754.0,normal
10.6,88.6,81,55752.8,sick
33.0,59.3,64,36326.4,sick
10.9,40.0,71,28150.8,sick
36.7,94.1,29,18568.0,hot
30.9,78.1,70,17819.6,sick
14.8,62.0,89,42718.0,sick
43.9,82.1,53,16063.4,hot
26.1,89.8,70,23159.0,sick
30.8,28.8,12,44381.5,happy
21.2,74.1,77,892.8,sick
40.3,64.3,71,56105.1,hot
30.9,34.6,5,61050.0,happy
20.5,87.5,41,1495.9,normal
33.1,85.6,27,5076.2,normal
33.5,57.8,27,28273.8,normal
24.5,92.9,39,62251.7,normal
17.7,77.4,76,19590.8,sick
44.8,60.2,81,5001.5,hot
42.5,38.3,4,40610.4,hot
25.4,81.3,0,31870.7,happy
22.1,52.1,28,24078.1,normal
23.5,59.8,74,24428.3,sick
34.9,82.3,91,49582.0,sick
41.8,65.9,15,55988.5,hot
16.6,85.5,59,54400.6,sick
16.3,55.6,78,54373.5,sick
24.4,23.3,56,49047.3,sick
30.0,83.5,16,29724.9,happy
12.2,45.8,86,37262.5,sick
38.5,82.7,76,38160.3,hot
32.2,84.1,80,2753.6,sick
42.6,24.1,30,50102.3,hot
36.2,95.0,16,52098.6,hot
27.6,28.6,34,24869.3,normal
35.0,34.6,67,54441.8,sick
15.3,67.8,86,45471.7,sick
17.5,71.8,85,64369.9,sick
43.3,42.4,62,28671.1,hot
30.4,26.1,49,24387.9,normal
43.9,64.1,37,38920.9,hot
30.8,34.4,88,24155.3,sick
40.9,84.4,27,31716.7,hot
13.8,47.8,38,11111.4,normal
19.2,78.3,98,11522.0,sick
20.2,62.2,9,10411.6,happy
15.7,21.2,77,26658.1,sick
24.9,31.1,84,48222.8,sick
14.6,39.0,92,28044.9,sick
33.6,67.1,64,20710.0,sick
28.5,37.7,4,40874.2,happy
12.6,49.3,48,31347.2,normal
40.9,49.2,99,52029.5,hot
16.7,22.1,87,18157.5,sick
28.3,69.0,8,7540.5,happy
44.1,79.1,33,26047.9,hot
42.2,70.7,51,15858.1,hot
41.6,54.1,82,24628.5,hot
42.9,41.1,42,25699.1,hot
24.0,22.0,58,13705.7,sick
31.4,81.0,64,47795.5,sick
10.4,83.1,28,46736.5,normal
23.8,56.0,77,12137.2,sick
21.8,40.1,37,14302.4,normal
31.7,22.0,91,34035.4,sick
30.3,41.2,48,62470.2,normal
36.3,25.9,29,51872.3,hot
39.5,61.9,40,17624.0,hot
10.1,56.1,65,36453.5,sick
35.5,78.3,25,33704.9,hot
15.0,42.6,53,57095.6,sick
13.7,35.0,52,4096.6,sick
12.0,55.1,8,42100.6,happy
33.6,44.4,100,23575.0,sick
42.0,55.7,42,18807.5,hot
31.2,29.7,39,45774.1,normal
40.0,25.7,62,9518.1,hot
43.9,50.6,42,25887.0,hot
19.7,22.7,5,46161.7,happy
37.0,37.8,8,37141.1,hot
32.0,51.5,15,64389.8,happy
20.5,69.2,7,16356.1,happy
43.2,63.9,45,55198.4,hot
43.6,36.5,75,51587.1,hot
13.3,41.4,26,4243.9,normal
26.5,50.3,17,53032.4,happy
12.3,41.7,99,10552.3,sick
23.9,23.0,90,25197.7,sick
12.6,42.6,14,23423.9,happy
10.8,79.7,95,33141.3,sick
13.6,59.5,25,12806.0,normal
10.7,79.7,22,25157.1,normal
44.5,44.1,65,42119.7,hot
23.4,63.2,2,46605.0,happy
27.6,89.2,33,39375.1,normal
38.6,71.7,90,14159.9,hot
12.3,39.8,15,38849.0,happy
37.4,79.8,70,49524.4,hot
36.1,41.1,64,29334.0,hot
11.3,78.1,9,44752.6,happy
23.9,34.2,44,34774.5,normal
21.2,77.8,85,63959.7,sick
14.2,67.0,66,47534.6,sick
35.1,58.1,69,36228.9,hot
32.2,47.9,39,11624.4,normal
40.1,61.0,73,1107.9,hot
16.3,34.0,11,57162.9,happy
38.4,29.0,99,37224.2,hot
12.7,74.9,51,50206.6,sick
33.1,42.6,27,53703.1,normal
20.9,41.4,55,39163.9,sick
10.7,92.4,53,23844.6,sick
22.5,26.1,12,27703.4,happy
39.1,57.5,17,17362.1,hot
30.5,37.4,29,38429.8,normal
35.2,55.5,99,59288.6,hot
23.9,85.7,13,15053.4,happy
20.8,83.2,46,42031.7,normal
36.5,26.3,91,48528.1,hot
17.8,94.0,73,7089.2,sick
36.4,91.9,35,4907.5,hot
18.4,45.8,3,3197.9,happy
20.6,27.0,98,59423.4,sick
33.1,23.7,69,30829.7,sick
33.2,51.4,7,57664.6,happy
17.0,84.6,31,13580.1,normal
30.7,38.2,79,40446.6,sick
13.9,42.6,55,8660.8,sick
13.5,73.2,19,4636.9,happy
25.5,80.9,85,50969.4,sick
13.6,22.7,43,52192.8,normal
33.8,77.7,100,26255.8,sick
11.4,62.4,63,58243.6,sick
39.1,71.4,49,40864.1,hot
10.0,70.5,93,29728.1,sick
28.5,32.2,39,30491.7,normal
12.4,84.6,66,57734.7,sick
27.0,22.7,77,46054.4,sick
14.0,89.9,16,63872.7,happy
20.2,32.6,33,11988.5,normal
18.8,74.0,22,47692.2,normal
25.3,24.9,7,14638.3,happy
23.1,54.7,30,58475.1,normal
37.0,66.8,15,53019.8,hot
30.3,31.9,15,12641.4,happy
33.3,78.9,82,60734.2,sick
27.5,49.9,56,54635.1,sick
18.0,61.9,41,59131.2,normal
16.3,86.6,94,16464.7,sick
43.2,75.4,86,37540.1,hot
26.8,42.8,78,15942.9,sick
43.8,67.3,61,59984.6,hot
37.4,29.3,20,52892.7,hot
20.3,92.2,32,50309.8,normal
39.6,69.9,71,44814.3,hot
24.0,60.7,89,54438.4,sick
21.7,58.8,66,6534.9,sick
15.1,29.3,25,39574.9,normal
30.7,74.1,57,28423.4,sick
38.0,52.3,51,50666.2,hot
27.8,72.7,23,12696.5,normal
33.6,65.4,19,30593.9,happy
22.2,71.3,18,45580.5,happy
16.8,39.8,35,12077.1,normal
38.3,86.5,16,43718.7,hot
29.0,20.3,67,12383.9,sick
36.0,68.7,2,16076.0,hot
21.7,27.6,88,18196.4,sick
34.9,27.9,37,26467.2,normal
32.2,40.6,44,7343.8,normal
20.9,85.2,28,53723.3,normal
44.5,90.2,98,63890.4,hot
21.3,41.3,59,57968.2,sick
28.3,81.7,71,30797.2,sick
12.5,94.0,20,45046.8,normal
10.1,41.6,91,31355.0,sick
38.5,80.5,93,7438.7,hot
11.0,34.1,35,11671.8,normal
33.5,51.4,94,20560.0,sick
43.9,73.9,92,50153.3,hot
17.6,60.3,37,46939.7,normal
29.1,34.1,74,13362.5,sick
17.2,74.8,92,1656.5,sick
11.2,41.0,86,19443.9,sick
38.5,23.1,17,239.5,hot
44.8,94.2,29,58512.0,hot
34.5,67.1,50,36006.9,normal
15.5,75.4,26,55013.5,normal
14.6,62.0,80,4.6,sick
34.0,29.9,45,51609.3,normal
21.7,56.2,75,6294.6,sick
22.8,56.8,1,47743.8,happy
20.2,20.8,70,42157.3,sick
29.9,46.7,86,31534.4,sick
19.9,59.0,26,41427.0,normal
14.1,70.6,23,31551.6,normal
39.0,82.5,36,24139.5,hot
43.6,34.2,87,1409.2,hot
13.2,87.4,18,37246.7,happy
44.1,92.8,54,48528.3,hot
40.3,94.3,53,14939.3,hot
25.4,33.1,29,57777.0,normal
20.7,59.6,14,34784.8,happy
24.1,62.3,61,16667.6,sick
41.3,54.3,0,39600.0,hot
40.8,32.9,68,14121.0,hot
22.7,71.9,22,64555.8,normal
15.8,75.1,35,59957.8,normal
26.3,53.0,98,700.5,sick
38.9,67.2,26,56207.9,hot
18.8,88.7,30,31361.9,normal
39.1,72.9,54,56.0,hot
29.6,26.3,67,35264.0,sick
38.7,92.1,68,62043.7,hot
23.2,28.6,80,22981.3,sick
36.8,91.0,22,34596.5,hot
16.9,53.5,19,30971.5,happy
44.0,30.0,40,11572.2,hot
17.9,24.3,36,60035.1,normal
44.9,71.1,59,4214.0,hot
41.0,81.5,47,3709.3,hot
25.6,31.0,51,52703.2,sick
26.6,64.8,40,45555.5,normal
30.9,32.4,55,34444.5,sick
34.9,84.1,20,18896.3,normal
23.9,34.2,43,3297.8,normal
40.2,78.0,73,22845.3,hot
35.3,32.9,79,44430.8,hot
44.3,70.6,85,2371.8,hot
28.7,67.2,82,56411.7,sick
41.8,79.0,4,62350.4,hot
23.3,84.6,76,34395.0,sick
16.2,50.3,45,22412.2,normal
15.4,39.5,11,21654.3,happy
16.3,81.8,51,22154.6,sick
34.1,82.0,90,37856.4,sick
14.9,74.0,33,34555.5,normal
39.1,83.9,1,19167.1,hot
43.1,82.9,80,9203.9,hot
17.6,47.8,4,20749.6,happy
40.3,44.6,38,46306.8,hot
20.2,57.3,54,19366.7,sick
44.7,63.5,48,19803.1,hot
12.6,60.4,65,46409.0,sick
39.1,78.1,27,39674.1,hot
17.8,72.0,59,8399.5,sick
40.8,69.1,92,64443.7,hot
17.1,44.2,67,51671.3,sick
33.7,79.1,100,15290.6,sick
15.6,27.7,88,11974.7,sick
43.2,71.6,37,63212.8,hot
35.5,25.3,31,40515.5,hot
15.8,68.1,25,37069.1,normal
41.5,33.0,91,58490.6,hot
42.5,67.1,4,39263.6,hot
36.1,73.3,97,31042.8,hot
44.4,88.9,97,508.1,hot
12.8,78.9,28,48647.5,normal
20.1,32.6,19,45673.0,happy
39.2,82.8,64,7963.2,hot
40.1,45.4,96,32030.0,hot
37.5,32.7,62,58811.4,hot
15.9,84.0,70,37662.4,sick
25.9,20.6,2,17686.2,happy
13.4,25.8,17,48915.3,happy
42.9,50.1,62,41770.5,hot
34.1,78.6,85,33245.4,sick
37.5,85.4,58,34662.2,hot
38.7,63.9,76,15018.7,hot
43.4,45.6,26,51416.2,hot
36.5,41.5,80,38303.0,hot
44.1,60.2,58,23333.3,hot
11.8,72.1,29,304.7,normal
30.2,25.5,50,13837.3,normal
22.3,91.9,21,33424.6,normal
42.3,76.5,46,705.5,hot
20.6,32.5,93,1997.6,sick
23.6,35.1,30,50320.9,normal
37.7,53.2,91,33068.8,hot
25.7,29.7,12,23466.3,happy
14.1,44.0,8,46878.3,happy
28.0,55.3,77,26971.9,sick
32.1,85.9,31,21529.1,normal
18.2,65.3,70,31631.9,sick
37.2,47.4,69,17668.9,hot
39.8,50.3,66,27949.2,hot
27.9,52.4,28,37632.3,normal
24.5,78.1,37,57587.7,normal
38.6,80.4,8,17599.4,hot
34.8,60.0,74,1473.3,sick
43.2,49.4,25,51258.1,hot
20.3,78.9,56,44333.1,sick
15.4,89.2,80,23385.7,sick
27.4,80.7,39,34376.9,normal
11.4,93.0,9,42300.8,happy
19.6,44.0,48,10132.1,normal
13.2,83.6,19,17705.0,happy
17.8,47.0,14,3965.0,happy
26.0,41.2,9,47550.0,happy
24.1,62.1,47,60036.0,normal
29.8,54.7,55,39125.0,sick
20.5,47.9,13,11179.7,happy
36.2,82.9,16,22453.0,hot
22.5,80.3,57,47307.9,sick
29.1,49.9,72,7834.7,sick
44.0,27.7,11,26707.6,hot
27.7,25.5,25,63925.5,normal
43.1,90.2,16,1190.3,hot
22.4,47.3,2,32679.6,happy
11.6,77.4,66,17475.6,sick
16.1,60.6,77,56857.8,sick
21.4,30.6,95,17553.1,sick
34.1,60.1,32,11264.0,normal
25.0,93.2,87,4857.8,sick
44.4,48.7,44,351.1,hot
21.8,57.7,67,45742.5,sick
34.9,35.3,27,29877.6,normal
37.2,43.1,9,56127.2,hot
35.2,92.1,6,40197.0,hot
38.5,51.5,37,50493.5,hot
38.5,39.2,18,15078.3,hot
33.2,41.1,69,14332.1,sick
38.6,94.0,8,50911.9,hot
42.5,57.3,55,43445.6,hot
25.0,45.8,61,3505.6,sick
37.0,70.9,8,33247.6,hot
31.2,26.4,90,55249.0,sick
32.5,94.4,12,30721.0,happy
21.4,33.4,82,42771.5,sick
27.6,27.6,49,30960.9,normal
27.2,25.2,85,12684.3,sick
42.6,85.9,64,27866.3,hot
12.3,28.1,26,59407.9,normal
21.2,84.9,19,58387.9,happy
28.3,55.4,24,46099.8,normal
23.4,68.1,89,24800.4,sick
28.1,80.4,20,19192.2,normal
30.8,42.2,3,56794.2,happy
40.1,60.2,40,28139.8,hot
17.4,46.1,93,40248.3,sick
19.6,85.4,1,15954.3,happy
37.8,42.9,39,37680.2,hot
29.6,35.4,55,17682.5,sick
25.9,45.2,73,40015.1,sick
10.1,54.7,78,6979.1,sick
26.2,49.8,77,37657.6,sick
12.8,32.6,33,18742.6,normal
31.3,42.3,44,32903.9,normal
35.4,52.6,36,36071.3,hot
13.3,77.2,40,20033.5,normal
10.2,85.4,4,10512.0,happy
21.4,68.1,16,28845.4,happy
22.7,47.7,99,4719.3,sick
24.6,38.2,58,32733.1,sick
19.5,83.5,66,3020.2,sick
41.1,46.8,65,41032.3,hot
22.5,90.8,52,16713.7,sick
26.1,42.6,65,27686.3,sick
13.6,92.2,78,29269.1,sick
43.5,81.4,97,11244.4,hot
38.0,57.5,67,11759.0,hot
24.8,31.8,76,42091.0,sick
38.3,49.6,25,60751.7,hot
21.4,50.7,17,14080.7,happy
15.1,54.3,40,29225.8,normal
19.3,94.0,90,14196.5,sick
11.6,71.4,15,52501.3,happy
44.5,37.5,11,27365.5,hot
21.9,76.5,38,43764.7,normal
25.3,45.2,14,2901.6,happy
17.5,31.2,38,53283.4,normal
22.3,67.5,10,58686.6,happy
13.8,49.3,93,62379.5,sick
37.6,49.2,8,17275.7,hot
38.1,50.9,85,16290.4,hot
37.0,84.3,62,21855.9,hot
10.5,68.7,54,2163.5,sick
43.0,70.0,11,11431.9,hot
22.5,31.3,64,4704.2,sick
17.0,77.1,4,929.0,normal
43.0,39.8,85,6700.6,hot
33.0,40.1,41,10185.0,normal
23.3,64.4,57,20026.3,sick
21.3,49.4,15,18897.4,happy
29.6,61.2,14,57474.0,happy
43.5,22.6,88,17464.2,hot
11.1,56.8,32,22597.0,normal
31.0,26.3,79,42740.1,sick
10.1,92.2,15,16423.9,happy
24.6,66.1,19,12745.1,happy
12.7,74.7,48,2389.5,normal
27.4,88.4,62,37119.1,sick
26.9,54.4,97,52270.1,sick
16.5,79.7,27,62598.7,normal
36.8,28.0,88,39965.4,hot
27.7,87.5,1,43899.3,happy
44.3,48.6,71,62740.1,hot
19.2,47.3,46,1929.6,normal
29.6,62.5,27,22075.5,normal
42.1,48.0,35,30986.6,hot
35.9,24.2,21,62739.6,hot
30.4,45.8,55,6374.6,sick
38.0,60.5,27,52066.0,hot
33.2,81.1,23,1153.2,normal
44.2,59.0,2,11099.1,hot
27.2,63.3,38,16351.0,normal
41.5,84.1,70,37071.7,hot
33.0,50.8,23,34017.4,normal
20.3,83.3,71,19300.3,sick
15.3,29.9,80,38055.1,sick
44.8,71.6,86,54647.9,hot
29.4,83.4,45,16227.2,normal
10.8,87.6,7,17230.7,happy
10.6,78.7,58,38250.7,sick
42.5,79.4,88,44947.0,hot
31.1,22.1,66,19497.2,sick
18.4,39.0,40,26215.0,normal
12.8,94.3,61,63610.1,sick
39.0,76.8,9,10937.5,hot
38.2,76.3,80,3807.9,hot
43.6,30.5,100,56031.8,hot
41.1,87.2,68,30940.5,hot
11.3,87.4,32,58649.6,normal
18.0,27.7,70,13472.1,sick
42.5,35.2,22,40509.7,hot
33.8,53.3,22,60353.8,normal
18.2,57.9,19,24052.8,happy
28.8,67.4,91,26038.6,sick
43.6,84.6,29,52983.2,hot
12.4,83.8,83,54234.3,sick
35.2,59.9,24,35855.2,hot
33.7,82.6,13,28913.2,happy
14.9,62.3,17,20195.9,happy
30.5,45.2,73,28073.2,sick
43.5,87.0,11,23088.2,hot
20.9,50.6,13,38889.4,happy
14.5,60.0,58,3947.0,sick
11.6,21.6,89,40238.0,sick
44.0,36.0,33,31656.5,hot
36.9,74.8,22,60676.8,hot
15.4,31.7,54,44620.3,sick
42.1,27.6,48,40012.2,hot
36.3,30.0,45,46387.8,hot
17.1,49.9,29,9501.6,normal
26.8,75.4,52,26393.7,sick
27.6,64.5,6,30030.5,happy
20.6,89.5,15,64401.3,happy
24.4,23.3,24,45980.3,normal
28.6,72.0,22,10059.5,normal
26.6,68.7,37,10247.4,normal
24.7,38.0,78,32279.3,sick
42.8,83.9,60,41149.9,hot
16.6,41.8,76,51555.6,sick
36.5,66.2,30,54739.2,hot
11.2,57.2,17,14921.1,happy
39.1,80.9,67,58402.4,hot
39.1,37.9,50,51226.6,hot
28.0,34.4,82,18234.7,sick
26.3,45.6,39,30874.6,normal
22.9,88.6,95,25669.6,sick
11.1,86.0,86,51385.6,sick
44.1,43.1,17,40124.7,hot
17.8,32.4,96,20457.0,sick
44.7,78.9,46,64334.2,hot
31.2,92.8,33,38258.7,normal
36.3,29.5,61,18007.6,hot
35.9,60.0,58,13245.2,hot
19.9,83.9,25,26130.5,normal
39.1,36.6,56,8528.2,hot
44.3,70.9,65,55920.0,hot
19.6,55.3,43,50183.7,normal
39.3,57.8,49,50455.2,hot
16.3,68.2,79,20323.6,sick
39.7,50.0,32,14695.9,hot
21.0,92.9,53,31895.3,sick
38.6,21.8,7,10935.0,hot
14.3,71.3,7,24790.4,happy
22.0,44.0,4,57100.9,happy
21.9,20.3,45,58589.0,normal
15.5,27.7,11,61107.7,happy
11.4,81.6,21,36330.8,normal
35.2,73.4,52,37050.8,hot
19.1,38.8,81,1735.6,sick
39.1,38.3,12,23473.1,hot
30.8,20.5,14,32672.0,happy
28.1,58.1,90,40170.3,sick
43.9,25.8,24,17358.2,hot
34.1,27.4,54,41984.5,sick
43.5,61.1,5,58648.1,hot
18.0,43.5,18,39228.5,happy
17.5,51.5,55,31988.6,sick
28.6,86.6,83,44375.9,sick
10.2,92.6,89,7662.2,sick
37.2,21.9,57,33254.1,hot
17.2,89.3,99,53542.7,sick
29.9,22.5,94,35267.9,sick
30.1,76.5,80,2912.8,sick
35.0,61.5,26,61227.6,normal
38.8,65.0,12,55954.2,hot
29.3,78.8,28,59871.8,normal
25.8,59.2,79,12921.0,sick
28.2,30.7,10,58837.5,happy
18.7,27.6,48,30974.7,normal
22.9,57.6,38,60633.8,normal
42.5,92.4,24,29216.3,hot
36.0,29.4,76,40632.9,hot
21.9,61.5,61,39689.8,sick
18.1,65.6,64,3349.0,sick
33.1,26.8,2,33368.7,happy
11.3,39.8,91,64447.6,sick
17.2,56.0,88,4652.3,sick
23.8,44.5,41,28008.3,normal
27.4,35.2,95,14657.0,sick
20.2,47.2,6,21815.1,happy
32.7,50.3,26,21108.7,normal
29.5,54.3,93,31895.0,sick
11.4,21.7,91,28383.4,sick
40.2,25.8,44,3814.5,hot
40.2,27.8,57,57324.0,hot
36.5,85.2,67,53995.3,hot
40.0,36.5,64,58311.5,hot
30.7,94.5,65,39606.8,sick
38.9,39.2,6,28673.5,hot
10.6,37.4,26,53839.7,normal
27.2,54.9,14,30923.4,happy
43.9,45.9,40,46729.0,hot
21.2,35.4,51,48618.1,sick
14.1,25.9,40,7013.7,normal
40.8,21.0,8,43999.5,hot
43.7,93.3,40,5252.4,hot
42.8,29.3,5,61347.7,hot
43.0,80.7,83,8776.2,hot
16.1,78.2,8,52288.9,happy
42.3,68.5,91,60071.5,hot
22.7,83.7,28,8700.1,normal
34.0,65.5,100,18793.6,sick
31.2,20.7,3,58929.9,happy
39.1,23.9,62,41816.3,hot
40.2,21.3,61,1056.3,hot
29.0,43.1,8,44261.7,happy
10.7,76.2,34,58088.9,normal
28.9,88.8,66,18756.0,sick
34.7,36.6,46,13093.0,normal
29.7,46.4,24,48296.5,normal
19.2,46.8,39,50469.0,normal
27.7,26.2,98,15308.5,sick
18.8,84.4,41,33218.1,normal
16.0,68.8,72,41227.5,sick
37.9,63.5,57,50396.3,hot
41.8,79.9,17,47430.2,hot
29.5,86.4,20,21933.3,normal
12.7,79.5,0,4906.3,happy
33.5,58.7,73,52865.4,sick
26.5,35.0,99,28776.3,sick
10.4,30.1,3,968.7,normal
18.1,55.2,31,49371.7,normal
34.9,84.0,61,27493.9,sick
15.8,89.9,54,42471.7,sick
15.8,50.2,70,8590.7,sick
12.9,82.7,75,60307.6,sick
10.1,21.4,97,23892.6,sick
25.7,33.8,55,32269.8,sick
21.7,52.9,61,41833.8,sick
24.7,61.1,15,23530.5,happy
12.0,26.9,67,29731.2,sick
33.4,42.3,50,32883.4,normal
23.0,50.1,30,7611.1,normal
44.1,22.5,85,57603.4,hot
17.0,82.5,56,30951.7,sick
41.1,64.2,56,1875.4,hot
24.2,68.4,96,36388.5,sick
31.8,46.3,44,26485.2,normal
33.4,75.3,4,25825.6,happy
44.3,58.3,57,33328.7,hot
13.4,49.1,91,28845.4,sick
38.8,20.6,12,58416.9,hot
31.5,58.0,73,20393.2,sick
34.4,52.2,90,41161.7,sick
36.5,84.6,78,47995.2,hot
23.6,88.8,1,48765.7,happy
19.5,66.6,76,5269.9,sick
34.5,22.3,19,47544.8,happy
38.2,63.2,93,32290.8,hot
21.0,36.4,6,38757.5,happy
31.5,56.8,79,59178.4,sick
10.9,75.8,51,6484.0,sick
18.2,21.0,17,19147.1,happy
37.7,86.8,64,22689.3,hot
37.8,32.6,60,45128.4,hot
10.6,76.3,97,45148.2,sick
39.5,33.3,40,26741.8,hot
35.6,73.2,23,37038.2,hot
40.2,66.7,85,64562.6,hot
42.9,21.2,70,29229.9,hot
16.5,82.7,23,58867.5,normal
39.4,45.1,9,18924.4,hot
27.6,26.1,69,19720.6,sick
27.4,47.4,75,5223.7,sick
16.0,88.0,88,17468.5,sick
44.2,40.5,36,34141.1,hot
40.2,31.5,53,16297.9,hot
44.6,29.9,54,34698.5,hot
21.0,31.6,74,38426.5,sick
33.5,42.0,91,13391.4,sick
12.6,40.1,35,59050.7,normal
33.5,77.0,23,53449.0,normal
28.3,36.7,14,39710.6,happy
35.7,39.5,15,56569.3,hot
43.9,31.4,12,3502.6,hot
15.5,68.0,85,30964.7,sick
12.3,74.2,42,55552.5,normal
29.2,45.3,8,7716.6,happy
12.4,88.1,53,36267.2,sick
31.7,22.9,9,30372.9,happy
18.7,91.7,3,4217.2,happy
25.4,46.2,4,52516.7,happy
30.4,83.4,18,12474.7,happy
37.1,58.1,20,796.9,hot
20.0,32.0,3,23284.5,happy
22.7,48.5,23,46776.9,normal
44.9,32.0,28,16167.0,hot
25.7,60.4,46,61262.4,normal
22.1,35.2,100,63443.5,sick
19.0,27.7,25,36557.8,normal
37.2,44.3,32,10140.0,hot
31.5,87.4,23,51735.3,normal
35.3,54.0,61,3898.0,hot
17.6,81.9,2,23207.4,happy
22.5,27.3,67,18948.6,sick
13.9,43.2,78,45229.1,sick
43.8,88.9,58,54813.6,hot
23.7,80.4,28,43320.4,normal
10.8,27.5,32,52558.8,normal
26.3,90.8,43,62074.1,normal
31.2,86.9,19,48719.5,happy
44.1,42.2,91,53955.2,hot
44.5,73.8,24,55970.6,hot
40.8,30.0,11,48166.3,hot
28.1,80.6,66,35923.7,sick
13.8,63.5,95,61333.5,sick
44.0,44.0,45,45605.8,hot
29.4,73.3,70,54813.8,sick
39.7,62.1,34,62960.5,hot
14.9,66.8,34,60183.7,normal
21.0,67.7,54,23108.8,sick
17.7,67.7,69,50734.0,sick
28.2,81.0,58,18087.4,sick
16.6,64.4,20,9583.8,normal
41.3,79.2,45,63339.5,hot
39.6,92.4,29,782.7,hot
24.4,76.4,92,41183.7,sick
21.7,81.8,2,21312.4,happy
36.1,23.1,14,46902.8,hot
14.8,88.5,63,33327.7,sick
27.6,26.3,48,23319.3,normal
21.1,31.2,92,37882.6,sick
18.3,68.9,74,8067.3,sick
27.1,59.8,91,44658.3,sick
15.3,43.4,100,2998.0,sick
10.2,27.5,20,53694.3,normal
30.7,63.5,22,23529.6,normal
23.9,87.3,55,48653.6,sick
34.8,31.5,10,58481.2,happy
22.6,37.0,6,20433.0,happy
42.9,35.0,40,20200.6,hot
32.1,67.6,86,57534.2,sick
19.6,71.1,91,43223.2,sick
40.5,88.9,74,25259.7,hot
34.2,57.8,33,21071.9,normal
25.3,59.7,42,41232.1,normal
20.8,50.3,50,40703.4,normal
24.0,50.2,69,22924.7,sick
15.4,46.2,60,40035.1,sick
22.6,35.7,6,46755.3,happy
17.4,30.1,82,7549.5,sick
35.6,54.6,45,6433.8,hot
20.7,32.6,67,46831.3,sick
36.3,29.6,63,60135.1,hot
26.4,42.0,97,61298.0,sick
28.9,61.9,37,8227.9,normal
36.1,38.1,37,25693.8,hot
16.8,29.3,70,60073.3,sick
32.3,72.3,87,19598.9,sick
44.3,21.8,40,42144.8,hot
22.8,81.7,38,56189.6,normal
14.5,67.1,26,44228.4,normal
23.8,68.4,98,3508.3,sick
36.7,50.9,78,21059.9,hot
34.4,70.0,75,61401.3,sick
24.2,44.6,19,36704.5,happy
32.6,88.1,15,9895.8,happy
38.2,47.2,57,15620.6,hot
23.6,79.6,51,21192.8,sick
21.6,46.5,93,22320.9,sick
17.5,77.5,51,2933.2,sick
31.8,26.6,78,39659.4,sick
29.4,83.8,15,27177.6,happy
32.0,57.5,4,60771.2,happy
38.4,70.1,88,26972.7,hot
39.4,64.4,12,59097.9,hot
10.7,41.4,76,26704.5,sick
35.4,60.3,50,51868.7,hot
14.2,85.8,95,24095.5,sick
22.5,29.1,1,31605.7,happy
33.7,73.5,49,44140.2,normal
44.9,55.8,40,17493.6,hot
38.0,30.4,3,57464.1,hot
26.5,77.6,27,30585.0,normal
40.6,56.8,6,49069.8,hot
37.0,67.5,76,58146.2,hot
15.6,74.7,13,48128.8,happy
31.8,24.1,38,16496.1,normal
19.1,48.2,60,21124.3,sick
15.5,62.9,0,52938.0,happy
29.4,32.2,2,33738.0,happy
20.8,24.1,71,1922.3,sick
33.8,88.8,23,60377.4,normal
36.2,74.2,99,3434.3,hot
41.2,66.4,4,34484.1,hot
27.4,51.0,67,57568.2,sick
31.4,90.4,49,697.2,sad
41.2,47.3,17,43220.6,hot
31.9,72.0,35,50094.4,normal
29.1,77.3,89,57595.0,sick
10.9,61.2,22,15753.4,normal
35.1,30.1,77,25790.6,hot
37.6,31.7,13,1006.2,hot
20.7,54.1,38,44961.1,normal
15.7,90.3,78,32553.7,sick
27.3,45.2,10,56434.3,happy
19.2,62.0,17,59528.8,happy
35.2,87.8,61,29698.1,hot
28.4,26.3,5,6899.8,happy
37.6,70.2,73,20930.0,hot
14.9,32.1,93,63048.5,sick
10.9,67.8,34,41348.5,normal
43.0,54.9,17,54280.3,hot
24.6,65.1,23,3095.9,normal
14.8,93.5,21,64419.0,normal
11.7,64.4,21,38357.0,normal
24.2,36.5,25,5259.8,normal
36.0,77.7,73,49858.9,hot
34.6,49.3,43,26775.9,normal
38.0,42.4,67,59695.5,hot
27.9,46.4,79,37229.8,sick
40.7,43.6,48,49441.3,hot
15.7,35.6,80,34181.1,sick
28.9,31.2,53,61129.9,sick
43.6,30.9,81,46175.5,hot
13.2,64.3,49,32002.4,normal
40.5,58.5,42,59639.7,hot
23.8,71.4,62,9634.9,sick
40.7,30.8,33,59762.1,hot
33.1,72.4,99,12719.1,sick
33.4,54.2,79,12786.0,sick
36.1,81.4,2,18575.4,hot
11.9,30.8,14,39943.6,happy
30.1,46.0,85,46620.1,sick
41.2,54.1,32,24804.7,hot
27.9,53.1,89,61024.8,sick
42.6,22.9,3,64772.4,hot
36.9,80.5,91,27688.4,hot
12.6,24.8,74,7366.1,sick
37.9,77.0,52,62742.2,hot
43.8,53.7,87,15258.1,hot
34.2,47.0,52,26628.8,sick
27.5,51.7,65,32887.5,sick
15.3,75.3,47,60159.2,normal
33.2,25.9,48,50371.2,normal
11.8,80.7,47,20652.2,normal
12.1,29.2,90,47371.9,sick
10.4,88.0,24,37076.5,normal
14.9,66.0,31,15512.6,normal
12.4,70.1,28,31326.3,normal
32.2,25.0,98,48575.8,sick
41.5,23.1,58,30230.3,hot
33.5,93.6,77,46469.9,sick
18.2,38.0,90,17343.8,sick
18.1,88.7,8,52661.3,happy
26.9,70.6,38,5953.6,normal
36.4,81.9,55,39355.0,hot
44.3,91.4,59,60461.8,hot
39.2,88.5,33,9045.5,hot
28.4,52.7,50,34472.0,normal
21.2,65.7,23,63509.5,normal
37.6,83.7,92,52039.9,hot
17.6,80.1,32,23378.5,normal
27.2,36.4,99,25134.1,sick
24.1,46.3,16,42611.7,happy
16.0,40.0,80,27523.1,sick
21.7,29.7,18,52950.8,happy
26.9,35.0,19,34018.0,happy
11.1,52.2,62,51560.3,sick
12.2,78.2,16,64298.7,happy
30.0,77.4,81,25563.9,sick
28.9,74.9,16,38214.1,happy
34.0,41.7,31,17510.2,normal
29.6,36.6,28,55125.2,normal
19.8,43.2,88,13164.4,sick
40.6,79.6,51,22720.1,hot
17.0,25.1,93,13821.1,sick
16.9,34.9,40,64454.4,normal
30.6,87.3,50,56888.9,normal
35.3,80.1,91,49435.5,hot
35.2,37.4,86,6975.5,hot
32.9,75.4,66,55193.1,sick
35.7,84.2,83,42125.9,hot
12.4,35.4,0,15500.8,happy
39.1,60.0,24,18530.7,hot
12.8,75.8,58,22946.9,sick
32.2,21.1,38,17796.6,normal
33.4,26.5,54,5698.0,sick
40.6,73.5,60,3361.3,hot
19.6,21.8,51,54254.9,sick
22.0,22.3,3,27920.5,happy
39.1,54.4,7,53039.0,hot
23.2,46.1,94,53259.6,sick
18.8,47.2,19,10489.3,happy
13.0,52.2,8,4390.9,happy
34.0,25.5,1,55080.9,happy
17.9,22.2,60,58436.0,sick
35.1,47.0,36,57393.7,hot
12.0,50.0,13,8987.2,happy
22.6,27.1,84,6260.2,sick
20.2,53.1,94,56403.3,sick
13.9,69.7,33,7134.7,normal
26.8,75.2,12,31138.8,happy
11.6,39.4,72,15281.5,sick
42.9,66.7,23,60763.5,hot
34.6,31.7,88,50892.3,sick
20.1,34.0,0,23472.2,happy
18.6,21.2,36,31041.2,normal
21.6,91.5,35,13784.1,normal
18.4,42.3,43,3266.9,normal
15.2,53.7,87,11447.2,sick
19.9,85.8,13,32714.0,happy
31.3,80.7,77,11668.9,sick
40.1,35.8,84,39213.0,hot
23.4,37.4,36,342.2,sad
42.3,28.8,18,37323.1,hot
22.2,49.5,1,32653.6,happy
36.6,65.9,70,22984.3,hot
17.8,69.0,47,13274.5,normal
40.6,25.7,30,45370.0,hot
37.4,47.7,45,55651.8,hot
41.9,55.3,36,25191.5,hot
42.2,48.0,98,11634.5,hot
18.0,28.6,47,46285.8,normal
17.0,55.9,7,43041.4,happy
27.7,89.6,14,2454.1,happy
18.0,47.6,87,62189.7,sick
42.7,89.3,22,57607.0,hot
18.6,58.2,97,63895.3,sick
26.6,82.2,54,25981.2,sick
19.3,30.1,22,38395.4,normal
26.2,87.6,29,15735.4,normal
30.8,59.0,50,1270.6,normal
29.6,90.6,27,30833.7,normal
27.0,82.9,91,63860.1,sick
44.7,49.0,39,62631.8,hot
44.2,32.4,17,40387.0,hot
37.9,45.3,28,50645.1,hot
27.9,85.7,13,20203.6,happy
32.2,79.4,100,38513.3,sick
20.8,61.1,42,50241.0,normal
23.4,37.2,87,30289.4,sick
13.8,89.0,82,49308.2,sick
40.0,87.6,5,19138.9,hot
19.7,60.5,74,50447.9,sick
13.3,26.2,11,742.1,normal
26.3,88.3,51,42556.5,sick
18.9,59.1,11,52633.6,happy
10.9,57.4,2,9222.8,happy
27.8,25.3,82,27028.0,sick
37.4,39.9,28,38874.2,hot
13.3,44.5,97,56054.2,sick
34.1,57.9,23,43021.6,normal
41.6,43.0,64,37839.1,hot
27.9,43.1,57,30638.8,sick
28.2,80.5,47,60902.7,normal
32.4,85.7,43,59494.2,normal
14.8,50.8,30,28716.7,normal
42.0,81.6,46,58796.7,hot
17.6,46.3,60,49563.8,sick
40.4,71.3,31,30782.9,hot
43.9,57.8,47,48262.3,hot
12.2,25.4,69,17059.6,sick
27.2,27.3,40,559.8,sad
19.9,89.2,59,31327.3,sick
12.3,70.6,49,37901.4,normal
11.3,37.3,60,61634.5,sick
12.0,42.5,38,1838.1,normal
28.3,48.2,34,60180.4,normal
20.1,69.0,82,744.4,sick
24.1,47.5,83,35484.9,sick
23.7,46.7,79,39398.4,sick
13.0,52.8,66,1105.6,sick
27.3,76.5,53,45553.0,sick
32.2,75.6,54,11049.7,sick
39.9,74.6,32,30739.2,hot
33.9,41.4,94,47538.0,sick
37.6,71.5,31,1786.7,hot
43.3,85.3,17,21169.0,hot
44.8,80.5,21,14640.5,hot
25.5,55.8,67,61425.4,sick
36.9,35.3,14,48830.6,hot
26.3,39.9,82,5914.4,sick
26.8,85.7,48,8606.3,normal
26.1,30.0,77,7048.1,sick
38.4,85.1,45,45939.1,hot
21.7,79.2,53,47147.5,sick
19.9,41.1,61,39440.9,sick
20.5,59.3,47,7580.5,normal
34.4,61.3,42,31718.6,normal
34.7,84.1,74,19988.3,sick
18.9,56.3,75,64520.8,sick
21.6,73.2,15,29463.3,happy
15.5,54.0,26,41231.7,normal
31.1,55.4,18,43206.6,happy
39.1,94.5,87,58378.0,hot
13.8,74.5,92,31004.7,sick
17.3,47.8,30,40089.7,normal
19.8,55.6,90,10973.0,sick
39.9,70.0,36,56625.8,hot
30.5,47.6,22,1576.5,normal
13.4,32.8,96,5109.3,sick
37.8,38.7,67,21887.9,hot
22.4,42.8,32,40709.0,normal
10.2,25.6,76,42481.5,sick
10.8,73.5,8,42668.6,happy
13.2,57.0,63,57588.9,sick
26.9,23.7,9,23482.1,happy
42.7,38.6,3,28436.7,hot
18.4,90.4,3,42750.4,happy
15.3,31.7,65,48532.0,sick
22.4,94.6,37,24563.5,normal
42.3,47.9,41,34873.5,hot
39.0,29.3,15,56155.0,hot
17.7,85.8,25,35024.7,normal
26.6,51.3,82,11801.5,sick
23.5,52.9,86,49559.1,sick
10.8,21.3,8,28810.6,happy
15.2,82.9,8,59.4,normal
21.9,21.0,84,2373.0,sick
14.7,93.4,98,1941.6,sick
23.0,40.0,86,52205.2,sick
42.2,54.9,93,10211.0,hot
35.1,79.0,42,8157.5,hot
38.6,25.5,42,34039.0,hot
21.1,93.1,55,10619.3,sick
32.6,42.9,65,15896.7,sick
11.1,48.8,50,14680.7,normal
36.4,33.4,2,4525.9,hot
13.2,58.8,10,16620.9,happy
16.7,28.0,49,32512.0,normal
14.4,55.4,55,47893.0,sick
22.6,57.5,23,32126.1,normal
34.1,21.2,59,24770.6,sick
15.0,49.8,77,47612.9,sick
22.7,28.7,1,15072.5,happy
26.1,64.2,48,31469.9,normal
40.8,39.9,83,39849.2,hot
12.5,86.6,78,21196.6,sick
34.1,66.7,45,35231.1,normal
14.7,76.9,81,1754.6,sick
35.0,80.5,68,43702.8,sick
17.9,76.2,100,30366.4,sick
32.9,51.3,16,53738.3,happy
43.1,55.6,15,1352.9,hot
39.2,65.5,10,16177.7,hot
38.1,64.8,10,3895.0,hot
33.1,28.7,64,55713.3,sick
23.2,61.0,32,20053.8,normal
35.4,26.1,25,10123.2,hot
39.0,40.7,83,39545.5,hot
38.3,25.1,36,37148.1,hot
37.9,56.5,59,22812.3,hot
13.1,56.4,13,1286.9,normal
24.5,78.2,83,38996.2,sick
39.8,87.6,31,27576.2,hot
42.8,34.3,46,58050.8,hot
32.8,35.3,51,37381.4,sick
11.9,47.6,37,56676.8,normal
20.9,85.1,4,39978.4,happy
21.0,79.5,29,12571.0,normal
21.9,46.1,10,45290.4,happy
13.3,24.1,82,53635.6,sick
24.2,77.6,84,33835.0,sick
17.9,58.0,9,17557.3,happy
16.2,65.9,43,46076.4,normal
11.0,52.6,50,62880.0,normal
44.4,41.4,20,49460.1,hot
10.7,35.6,24,25477.6,normal
16.3,93.9,49,35836.6,normal
40.7,68.1,17,21484.1,hot
23.8,33.3,56,22866.3,sick
39.5,87.7,36,46069.3,hot
16.8,28.7,35,523.9,sad
13.5,85.9,97,22590.2,sick
33.0,80.7,61,19768.5,sick
29.9,81.8,36,59102.5,normal
26.7,23.0,78,9730.8,sick
42.0,64.1,67,3762.1,hot
25.2,62.0,74,42390.3,sick
18.6,34.6,93,13546.0,sick
30.2,80.3,87,63972.6,sick
21.8,22.3,80,27749.2,sick
19.9,45.5,14,10756.8,happy
20.9,47.8,7,19550.6,happy
30.3,76.8,23,9698.7,normal
36.3,47.0,15,4223.5,hot
34.1,62.0,15,17939.1,happy
10.1,40.6,34,32179.8,normal
13.3,32.5,53,20219.2,sick
21.2,37.0,36,14377.7,normal
18.2,82.0,48,4905.9,normal
30.6,93.5,66,30286.7,sick
26.5,71.6,70,28283.8,sick
23.5,25.0,45,26794.4,normal
26.6,75.1,94,47092.4,sick
30.1,86.2,73,31703.5,sick
16.2,33.3,14,31661.1,happy
34.5,30.9,50,15517.4,normal
17.5,86.9,28,44390.0,normal
41.3,39.4,5,63443.9,hot
20.9,42.0,24,57290.2,normal
35.2,73.0,36,13974.9,hot
13.3,86.5,1,50966.5,happy
29.9,67.0,50,2330.9,normal
44.4,90.9,80,50534.6,hot
41.5,68.7,56,30351.9,hot
43.7,75.3,19,27132.1,hot
28.6,89.9,33,1583.3,normal
29.4,74.6,29,6553.0,normal
42.6,63.8,16,5403.6,hot
23.9,52.8,33,37625.2,normal
29.7,64.5,20,24949.8,normal
40.7,59.6,4,12278.8,hot
33.8,60.1,43,47381.5,normal
15.0,84.5,22,6721.4,normal
27.0,30.7,97,1863.7,sick
29.7,41.9,69,20464.8,sick
41.5,43.5,74,30206.1,hot
19.1,87.1,21,15249.6,normal
32.7,49.7,95,37852.0,sick
38.2,28.4,90,5853.5,hot
26.5,68.2,58,34357.0,sick
19.6,70.2,60,17265.1,sick
35.7,43.7,28,64487.5,hot
35.3,31.0,99,25633.5,hot
22.4,69.9,84,57986.7,sick
23.7,35.2,47,44822.4,normal
20.3,34.5,55,33588.5,sick
12.3,55.6,61,50622.1,sick
15.1,89.4,27,25388.0,normal
20.6,35.0,80,32811.6,sick
25.1,42.0,41,9598.7,normal
42.0,81.8,16,53632.1,hot
16.5,57.3,2,26486.3,happy
37.6,54.4,68,24478.6,hot
31.4,49.1,69,16406.1,sick
37.3,23.1,20,35282.4,hot
19.1,56.5,48,3584.2,normal
25.1,66.1,53,28002.6,sick
19.8,74.3,38,31072.3,normal
19.9,23.7,87,39497.4,sick
17.9,82.9,45,5333.2,normal
33.8,20.7,34,32953.7,normal
23.7,44.7,7,26792.6,happy
25.2,78.9,53,50404.6,sick
43.0,54.4,79,13832.3,hot
34.9,21.0,43,58037.5,normal
36.7,56.8,38,26014.6,hot
16.2,38.3,48,12747.2,normal
40.5,76.7,33,41813.7,hot
32.0,76.6,1,63577.6,happy
37.0,67.5,95,6323.2,hot
25.1,90.4,46,24422.0,normal
11.7,31.3,40,34053.2,normal
36.7,74.8,29,14304.5,hot
41.5,34.4,60,44699.1,hot
42.7,41.1,57,44901.7,hot
37.1,30.7,1,15483.3,hot
26.0,43.5,39,30773.3,normal
21.7,84.6,72,42848.7,sick
21.7,58.3,56,14504.9,sick
33.0,29.9,98,7310.6,sick
26.4,50.1,95,11202.4,sick
22.0,93.1,5,63308.7,happy
24.9,51.3,88,43881.5,sick
14.8,38.5,55,16773.3,sick
44.0,83.1,69,4386.2,hot
22.4,35.7,0,9550.3,happy
37.9,74.8,20,64070.0,hot
28.7,75.7,96,44375.0,sick
21.5,84.7,58,38819.6,sick
11.6,63.5,96,54692.7,sick
25.4,36.6,6,2997.4,happy
24.5,25.7,21,44177.7,normal
27.6,81.1,23,41740.3,normal
26.7,25.7,3,16495.5,happy
35.4,27.5,9,4061.0,hot
18.8,38.6,54,8958.7,sick
25.7,20.1,44,39708.4,normal
35.2,43.8,0,30021.2,hot
24.1,20.6,76,19573.1,sick
14.8,92.2,51,35216.3,sick
36.3,82.8,67,57639.1,hot
13.5,25.1,40,53168.7,normal
18.0,33.4,88,6948.3,sick
20.2,68.6,75,21512.8,sick
38.2,59.4,99,15479.7,hot
35.1,91.8,25,27922.5,hot
42.6,80.6,62,30230.6,hot
31.7,77.9,55,41699.8,sick
12.1,25.9,37,27876.9,normal
43.4,53.2,29,57222.4,hot
42.7,56.1,98,62213.0,hot
20.8,45.0,29,40683.2,normal
44.4,74.5,34,6015.9,hot
29.9,91.6,31,41385.3,normal
18.2,72.4,37,57785.8,normal
16.5,32.5,34,24255.2,normal
36.4,51.8,87,27484.0,hot
39.1,23.7,14,3527.4,hot
32.0,36.9,17,49439.2,happy
11.7,53.7,89,58047.4,sick
14.2,73.0,82,20587.4,sick
26.0,40.1,8,38742.7,happy
44.5,55.1,91,64219.3,hot
29.0,66.7,47,19064.8,normal
43.6,86.8,58,55926.5,hot
25.6,85.9,21,59175.8,normal
15.1,26.9,46,54812.3,normal
12.9,57.8,20,3239.8,normal
13.9,50.1,28,56258.8,normal
14.7,84.3,8,59881.0,happy
15.6,20.2,26,56326.2,normal
27.1,22.7,57,63237.9,sick
44.4,42.1,73,8317.7,hot
33.8,84.0,30,26825.8,normal
20.3,51.8,12,63085.5,happy
33.0,36.8,47,5142.6,normal
43.3,69.4,12,29690.3,hot
36.1,45.7,49,63035.0,hot
18.0,35.0,26,7057.3,normal
44.9,27.7,6,17851.7,hot
33.0,25.4,10,21047.7,happy
26.4,30.0,3,885.0,normal
16.8,67.1,6,63357.4,happy
33.8,79.7,30,37755.9,normal
14.5,64.4,59,43332.3,sick
33.7,61.3,43,52814.8,normal
17.9,84.2,79,39059.2,sick
14.1,57.1,16,8084.9,happy
40.6,82.2,33,59018.3,hot
10.1,26.8,54,22372.9,sick
37.4,40.7,34,17261.3,hot
17.6,83.0,95,8034.0,sick
27.7,41.0,84,30377.3,sick
43.7,60.2,67,14458.3,hot
13.8,61.8,56,16827.8,sick
41.9,39.0,55,29271.7,hot
28.7,70.9,15,57844.4,happy
28.0,83.1,36,61448.5,normal
37.9,28.2,13,43134.6,hot
34.7,35.0,37,64460.4,normal
39.6,34.0,8,32327.9,hot
16.1,69.4,18,25829.2,happy
23.6,33.8,44,18122.0,normal
18.8,67.7,64,34950.4,sick
31.4,41.9,75,44230.9,sick
22.4,80.5,85,55411.0,sick
34.6,20.9,10,52467.6,happy
31.9,21.1,16,54297.6,happy
13.3,38.6,84,5304.5,sick
20.0,92.0,56,5164.6,sick
10.3,89.2,1,57412.6,happy
43.0,51.4,33,25804.3,hot
22.7,26.5,15,19713.8,happy
17.5,68.2,40,26877.3,normal
30.5,74.7,23,33115.2,normal
30.6,29.8,11,26628.4,happy
20.8,91.4,30,6268.2,normal
37.4,76.9,88,42277.9,hot
29.5,43.7,59,43203.6,sick
16.5,90.5,74,18527.3,sick
42.9,39.4,32,60104.2,hot
12.9,48.2,14,23781.9,happy
19.6,61.2,41,90.4,sad
28.1,25.8,1,25005.1,happy
26.3,43.2,15,14557.1,happy
31.7,87.9,68,16003.3,sick
44.2,26.4,61,64363.4,hot
22.6,74.2,90,45370.5,sick
39.1,54.2,67,64404.7,hot
21.1,34.2,53,2479.8,sick
23.7,87.5,26,37734.7,normal
18.0,49.9,80,33684.0,sick
28.9,72.6,48,30856.7,normal
